--
-- PostgreSQL database dump
--

-- Dumped from database version 12.17 (Ubuntu 12.17-1.pgdg22.04+1)
-- Dumped by pg_dump version 12.17 (Ubuntu 12.17-1.pgdg22.04+1)

SET statement_timeout = 0;
SET lock_timeout = 0;
SET idle_in_transaction_session_timeout = 0;
SET client_encoding = 'UTF8';
SET standard_conforming_strings = on;
SELECT pg_catalog.set_config('search_path', '', false);
SET check_function_bodies = false;
SET xmloption = content;
SET client_min_messages = warning;
SET row_security = off;

DROP DATABASE universe;
--
-- Name: universe; Type: DATABASE; Schema: -; Owner: freecodecamp
--

CREATE DATABASE universe WITH TEMPLATE = template0 ENCODING = 'UTF8' LC_COLLATE = 'C.UTF-8' LC_CTYPE = 'C.UTF-8';


ALTER DATABASE universe OWNER TO freecodecamp;

\connect universe

SET statement_timeout = 0;
SET lock_timeout = 0;
SET idle_in_transaction_session_timeout = 0;
SET client_encoding = 'UTF8';
SET standard_conforming_strings = on;
SELECT pg_catalog.set_config('search_path', '', false);
SET check_function_bodies = false;
SET xmloption = content;
SET client_min_messages = warning;
SET row_security = off;

SET default_tablespace = '';

SET default_table_access_method = heap;

--
-- Name: black_hole; Type: TABLE; Schema: public; Owner: freecodecamp
--

CREATE TABLE public.black_hole (
    black_hole_id integer NOT NULL,
    name character varying(255) NOT NULL,
    galaxy_id integer,
    mass integer NOT NULL,
    is_active boolean NOT NULL
);


ALTER TABLE public.black_hole OWNER TO freecodecamp;

--
-- Name: black_hole_black_hole_id_seq; Type: SEQUENCE; Schema: public; Owner: freecodecamp
--

CREATE SEQUENCE public.black_hole_black_hole_id_seq
    AS integer
    START WITH 1
    INCREMENT BY 1
    NO MINVALUE
    NO MAXVALUE
    CACHE 1;


ALTER TABLE public.black_hole_black_hole_id_seq OWNER TO freecodecamp;

--
-- Name: black_hole_black_hole_id_seq; Type: SEQUENCE OWNED BY; Schema: public; Owner: freecodecamp
--

ALTER SEQUENCE public.black_hole_black_hole_id_seq OWNED BY public.black_hole.black_hole_id;


--
-- Name: galaxy; Type: TABLE; Schema: public; Owner: freecodecamp
--

CREATE TABLE public.galaxy (
    galaxy_id integer NOT NULL,
    name character varying(255) NOT NULL,
    age integer NOT NULL,
    size numeric(10,2) NOT NULL,
    is_active boolean NOT NULL
);


ALTER TABLE public.galaxy OWNER TO freecodecamp;

--
-- Name: galaxy_galaxy_id_seq; Type: SEQUENCE; Schema: public; Owner: freecodecamp
--

CREATE SEQUENCE public.galaxy_galaxy_id_seq
    AS integer
    START WITH 1
    INCREMENT BY 1
    NO MINVALUE
    NO MAXVALUE
    CACHE 1;


ALTER TABLE public.galaxy_galaxy_id_seq OWNER TO freecodecamp;

--
-- Name: galaxy_galaxy_id_seq; Type: SEQUENCE OWNED BY; Schema: public; Owner: freecodecamp
--

ALTER SEQUENCE public.galaxy_galaxy_id_seq OWNED BY public.galaxy.galaxy_id;


--
-- Name: moon; Type: TABLE; Schema: public; Owner: freecodecamp
--

CREATE TABLE public.moon (
    moon_id integer NOT NULL,
    name character varying(255) NOT NULL,
    planet_id integer,
    size integer NOT NULL,
    description text
);


ALTER TABLE public.moon OWNER TO freecodecamp;

--
-- Name: moon_moon_id_seq; Type: SEQUENCE; Schema: public; Owner: freecodecamp
--

CREATE SEQUENCE public.moon_moon_id_seq
    AS integer
    START WITH 1
    INCREMENT BY 1
    NO MINVALUE
    NO MAXVALUE
    CACHE 1;


ALTER TABLE public.moon_moon_id_seq OWNER TO freecodecamp;

--
-- Name: moon_moon_id_seq; Type: SEQUENCE OWNED BY; Schema: public; Owner: freecodecamp
--

ALTER SEQUENCE public.moon_moon_id_seq OWNED BY public.moon.moon_id;


--
-- Name: planet; Type: TABLE; Schema: public; Owner: freecodecamp
--

CREATE TABLE public.planet (
    planet_id integer NOT NULL,
    name character varying(255) NOT NULL,
    star_id integer,
    distance_from_star integer NOT NULL,
    has_water boolean NOT NULL
);


ALTER TABLE public.planet OWNER TO freecodecamp;

--
-- Name: planet_planet_id_seq; Type: SEQUENCE; Schema: public; Owner: freecodecamp
--

CREATE SEQUENCE public.planet_planet_id_seq
    AS integer
    START WITH 1
    INCREMENT BY 1
    NO MINVALUE
    NO MAXVALUE
    CACHE 1;


ALTER TABLE public.planet_planet_id_seq OWNER TO freecodecamp;

--
-- Name: planet_planet_id_seq; Type: SEQUENCE OWNED BY; Schema: public; Owner: freecodecamp
--

ALTER SEQUENCE public.planet_planet_id_seq OWNED BY public.planet.planet_id;


--
-- Name: star; Type: TABLE; Schema: public; Owner: freecodecamp
--

CREATE TABLE public.star (
    star_id integer NOT NULL,
    name character varying(255) NOT NULL,
    galaxy_id integer,
    temperature integer NOT NULL,
    is_visible boolean NOT NULL
);


ALTER TABLE public.star OWNER TO freecodecamp;

--
-- Name: star_star_id_seq; Type: SEQUENCE; Schema: public; Owner: freecodecamp
--

CREATE SEQUENCE public.star_star_id_seq
    AS integer
    START WITH 1
    INCREMENT BY 1
    NO MINVALUE
    NO MAXVALUE
    CACHE 1;


ALTER TABLE public.star_star_id_seq OWNER TO freecodecamp;

--
-- Name: star_star_id_seq; Type: SEQUENCE OWNED BY; Schema: public; Owner: freecodecamp
--

ALTER SEQUENCE public.star_star_id_seq OWNED BY public.star.star_id;


--
-- Name: black_hole black_hole_id; Type: DEFAULT; Schema: public; Owner: freecodecamp
--

ALTER TABLE ONLY public.black_hole ALTER COLUMN black_hole_id SET DEFAULT nextval('public.black_hole_black_hole_id_seq'::regclass);


--
-- Name: galaxy galaxy_id; Type: DEFAULT; Schema: public; Owner: freecodecamp
--

ALTER TABLE ONLY public.galaxy ALTER COLUMN galaxy_id SET DEFAULT nextval('public.galaxy_galaxy_id_seq'::regclass);


--
-- Name: moon moon_id; Type: DEFAULT; Schema: public; Owner: freecodecamp
--

ALTER TABLE ONLY public.moon ALTER COLUMN moon_id SET DEFAULT nextval('public.moon_moon_id_seq'::regclass);


--
-- Name: planet planet_id; Type: DEFAULT; Schema: public; Owner: freecodecamp
--

ALTER TABLE ONLY public.planet ALTER COLUMN planet_id SET DEFAULT nextval('public.planet_planet_id_seq'::regclass);


--
-- Name: star star_id; Type: DEFAULT; Schema: public; Owner: freecodecamp
--

ALTER TABLE ONLY public.star ALTER COLUMN star_id SET DEFAULT nextval('public.star_star_id_seq'::regclass);


--
-- Data for Name: black_hole; Type: TABLE DATA; Schema: public; Owner: freecodecamp
--

INSERT INTO public.black_hole VALUES (1, 'Sagittarius A*', 1, 4000, true);
INSERT INTO public.black_hole VALUES (2, 'Messier 87*', 2, 6500000, true);
INSERT INTO public.black_hole VALUES (3, 'Messier 84*', 2, 5700000, true);
INSERT INTO public.black_hole VALUES (4, 'IC 4296*', 3, 3000000, true);
INSERT INTO public.black_hole VALUES (5, 'NGC 4486B*', 2, 3000000, true);
INSERT INTO public.black_hole VALUES (6, 'NGC 4374*', 2, 1000000, true);


--
-- Data for Name: galaxy; Type: TABLE DATA; Schema: public; Owner: freecodecamp
--

INSERT INTO public.galaxy VALUES (1, 'Milky Way', 13500, 100000.00, true);
INSERT INTO public.galaxy VALUES (2, 'Andromeda', 13000, 200000.00, true);
INSERT INTO public.galaxy VALUES (3, 'Triangulum', 10000, 60000.00, true);
INSERT INTO public.galaxy VALUES (4, 'Pinwheel', 12000, 170000.00, true);
INSERT INTO public.galaxy VALUES (5, 'Sombrero', 11000, 50000.00, true);
INSERT INTO public.galaxy VALUES (6, 'Whirlpool', 12500, 150000.00, true);


--
-- Data for Name: moon; Type: TABLE DATA; Schema: public; Owner: freecodecamp
--

INSERT INTO public.moon VALUES (1, 'Moon', 1, 3474, 'Earth''s natural satellite.');
INSERT INTO public.moon VALUES (2, 'Phobos', 2, 22, 'One of Mars''s moons.');
INSERT INTO public.moon VALUES (3, 'Deimos', 2, 12, 'One of Mars''s moons.');
INSERT INTO public.moon VALUES (4, 'Io', 5, 3643, 'One of Jupiter''s moons.');
INSERT INTO public.moon VALUES (5, 'Europa', 5, 3122, 'One of Jupiter''s moons.');
INSERT INTO public.moon VALUES (6, 'Ganymede', 5, 5268, 'One of Jupiter''s moons.');
INSERT INTO public.moon VALUES (7, 'Callisto', 5, 4821, 'One of Jupiter''s moons.');
INSERT INTO public.moon VALUES (8, 'Titan', 6, 5150, 'One of Saturn''s moons.');
INSERT INTO public.moon VALUES (9, 'Rhea', 6, 1528, 'One of Saturn''s moons.');
INSERT INTO public.moon VALUES (10, 'Iapetus', 6, 1471, 'One of Saturn''s moons.');
INSERT INTO public.moon VALUES (11, 'Enceladus', 6, 504, 'One of Saturn''s moons.');
INSERT INTO public.moon VALUES (12, 'Mimas', 6, 397, 'One of Saturn''s moons.');
INSERT INTO public.moon VALUES (13, 'Triton', 8, 2700, 'One of Neptune''s moons.');
INSERT INTO public.moon VALUES (14, 'Nereid', 8, 340, 'One of Neptune''s moons.');
INSERT INTO public.moon VALUES (15, 'Proteus', 8, 420, 'One of Neptune''s moons.');
INSERT INTO public.moon VALUES (16, 'Charon', 9, 1212, 'One of Pluto''s moons.');
INSERT INTO public.moon VALUES (17, 'Nix', 9, 40, 'One of Pluto''s moons.');
INSERT INTO public.moon VALUES (18, 'Hydra', 9, 45, 'One of Pluto''s moons.');
INSERT INTO public.moon VALUES (19, 'Kerberos', 9, 15, 'One of Pluto''s moons.');
INSERT INTO public.moon VALUES (20, 'Styx', 9, 10, 'One of Pluto''s moons.');


--
-- Data for Name: planet; Type: TABLE DATA; Schema: public; Owner: freecodecamp
--

INSERT INTO public.planet VALUES (1, 'Earth', 1, 150000, true);
INSERT INTO public.planet VALUES (2, 'Mars', 1, 227900, false);
INSERT INTO public.planet VALUES (3, 'Venus', 1, 108200, false);
INSERT INTO public.planet VALUES (4, 'Mercury', 1, 57900, false);
INSERT INTO public.planet VALUES (5, 'Jupiter', 1, 778500, true);
INSERT INTO public.planet VALUES (6, 'Saturn', 1, 1433500, false);
INSERT INTO public.planet VALUES (7, 'Uranus', 1, 2871000, true);
INSERT INTO public.planet VALUES (8, 'Neptune', 1, 4498000, true);
INSERT INTO public.planet VALUES (9, 'Pluto', 1, 590600, true);
INSERT INTO public.planet VALUES (10, 'Eris', 1, 2147483, false);
INSERT INTO public.planet VALUES (11, 'Haumea', 1, 2147483, false);
INSERT INTO public.planet VALUES (12, 'Makemake', 1, 2147483, false);


--
-- Data for Name: star; Type: TABLE DATA; Schema: public; Owner: freecodecamp
--

INSERT INTO public.star VALUES (1, 'Sun', 1, 5500, true);
INSERT INTO public.star VALUES (2, 'Sirius', 1, 9941, true);
INSERT INTO public.star VALUES (3, 'Canopus', 1, 7500, true);
INSERT INTO public.star VALUES (4, 'Alpha Centauri A', 1, 5790, true);
INSERT INTO public.star VALUES (5, 'Alpha Centauri B', 1, 5260, true);
INSERT INTO public.star VALUES (6, 'Proxima Centauri', 1, 3042, true);


--
-- Name: black_hole_black_hole_id_seq; Type: SEQUENCE SET; Schema: public; Owner: freecodecamp
--

SELECT pg_catalog.setval('public.black_hole_black_hole_id_seq', 6, true);


--
-- Name: galaxy_galaxy_id_seq; Type: SEQUENCE SET; Schema: public; Owner: freecodecamp
--

SELECT pg_catalog.setval('public.galaxy_galaxy_id_seq', 6, true);


--
-- Name: moon_moon_id_seq; Type: SEQUENCE SET; Schema: public; Owner: freecodecamp
--

SELECT pg_catalog.setval('public.moon_moon_id_seq', 20, true);


--
-- Name: planet_planet_id_seq; Type: SEQUENCE SET; Schema: public; Owner: freecodecamp
--

SELECT pg_catalog.setval('public.planet_planet_id_seq', 12, true);


--
-- Name: star_star_id_seq; Type: SEQUENCE SET; Schema: public; Owner: freecodecamp
--

SELECT pg_catalog.setval('public.star_star_id_seq', 6, true);


--
-- Name: black_hole black_hole_name_key; Type: CONSTRAINT; Schema: public; Owner: freecodecamp
--

ALTER TABLE ONLY public.black_hole
    ADD CONSTRAINT black_hole_name_key UNIQUE (name);


--
-- Name: black_hole black_hole_pkey; Type: CONSTRAINT; Schema: public; Owner: freecodecamp
--

ALTER TABLE ONLY public.black_hole
    ADD CONSTRAINT black_hole_pkey PRIMARY KEY (black_hole_id);


--
-- Name: galaxy galaxy_name_key; Type: CONSTRAINT; Schema: public; Owner: freecodecamp
--

ALTER TABLE ONLY public.galaxy
    ADD CONSTRAINT galaxy_name_key UNIQUE (name);


--
-- Name: galaxy galaxy_pkey; Type: CONSTRAINT; Schema: public; Owner: freecodecamp
--

ALTER TABLE ONLY public.galaxy
    ADD CONSTRAINT galaxy_pkey PRIMARY KEY (galaxy_id);


--
-- Name: moon moon_name_key; Type: CONSTRAINT; Schema: public; Owner: freecodecamp
--

ALTER TABLE ONLY public.moon
    ADD CONSTRAINT moon_name_key UNIQUE (name);


--
-- Name: moon moon_pkey; Type: CONSTRAINT; Schema: public; Owner: freecodecamp
--

ALTER TABLE ONLY public.moon
    ADD CONSTRAINT moon_pkey PRIMARY KEY (moon_id);


--
-- Name: planet planet_name_key; Type: CONSTRAINT; Schema: public; Owner: freecodecamp
--

ALTER TABLE ONLY public.planet
    ADD CONSTRAINT planet_name_key UNIQUE (name);


--
-- Name: planet planet_pkey; Type: CONSTRAINT; Schema: public; Owner: freecodecamp
--

ALTER TABLE ONLY public.planet
    ADD CONSTRAINT planet_pkey PRIMARY KEY (planet_id);


--
-- Name: star star_name_key; Type: CONSTRAINT; Schema: public; Owner: freecodecamp
--

ALTER TABLE ONLY public.star
    ADD CONSTRAINT star_name_key UNIQUE (name);


--
-- Name: star star_pkey; Type: CONSTRAINT; Schema: public; Owner: freecodecamp
--

ALTER TABLE ONLY public.star
    ADD CONSTRAINT star_pkey PRIMARY KEY (star_id);


--
-- Name: black_hole black_hole_galaxy_id_fkey; Type: FK CONSTRAINT; Schema: public; Owner: freecodecamp
--

ALTER TABLE ONLY public.black_hole
    ADD CONSTRAINT black_hole_galaxy_id_fkey FOREIGN KEY (galaxy_id) REFERENCES public.galaxy(galaxy_id);


--
-- Name: moon moon_planet_id_fkey; Type: FK CONSTRAINT; Schema: public; Owner: freecodecamp
--

ALTER TABLE ONLY public.moon
    ADD CONSTRAINT moon_planet_id_fkey FOREIGN KEY (planet_id) REFERENCES public.planet(planet_id);


--
-- Name: planet planet_star_id_fkey; Type: FK CONSTRAINT; Schema: public; Owner: freecodecamp
--

ALTER TABLE ONLY public.planet
    ADD CONSTRAINT planet_star_id_fkey FOREIGN KEY (star_id) REFERENCES public.star(star_id);


--
-- Name: star star_galaxy_id_fkey; Type: FK CONSTRAINT; Schema: public; Owner: freecodecamp
--

ALTER TABLE ONLY public.star
    ADD CONSTRAINT star_galaxy_id_fkey FOREIGN KEY (galaxy_id) REFERENCES public.galaxy(galaxy_id);


--
-- PostgreSQL database dump complete
--

